customer_name,city
Government,Canada
Government,Germany
Midmarket,France
Midmarket,Germany
Midmarket,Mexico
Government,Germany
Midmarket,Germany
Channel Partners,Canada
Government,France
Channel Partners,Germany
Midmarket,Mexico
Enterprise,Canada
Small Business,Mexico
Government,Germany
Enterprise,Canada
Midmarket,United States of America
Government,Canada
Midmarket,Mexico
Channel Partners,Canada
Government,Germany
Channel Partners,Germany
Government,Mexico
Midmarket,France
Small Business,Mexico
Midmarket,Mexico
Government,United States of America
Government,Canada
Channel Partners,United States of America
Midmarket,Canada
Government,Canada
Government,Germany
Government,Mexico
Enterprise,France
Channel Partners,Germany
Government,Germany
Channel Partners,Germany
Enterprise,United States of America
Enterprise,Canada
Small Business,Canada
Channel Partners,Germany
Midmarket,France
Midmarket,Germany
Government,France
Small Business,France
Government,Canada
Government,France
Channel Partners,United States of America
Enterprise,Germany
Government,France
Government,Germany
Channel Partners,United States of America
Government,United States of America
Midmarket,United States of America
Government,France
Midmarket,France
Government,France
Government,France
Government,Canada
Channel Partners,United States of America
Government,Mexico
Government,United States of America
Channel Partners,Canada
Enterprise,United States of America
Channel Partners,France
Channel Partners,Germany
Small Business,Mexico
Government,Mexico
Government,France
Midmarket,Mexico
Small Business,United States of America
Government,France
Government,Canada
Small Business,United States of America
Enterprise,United States of America
Midmarket,United States of America
Government,United States of America
Enterprise,United States of America
Enterprise,France
Enterprise,Mexico
Midmarket,Germany
Channel Partners,Germany
Small Business,United States of America
Government,France
Government,France
Government,Mexico
Enterprise,Canada
Enterprise,United States of America
Government,Canada
Government,Germany
Government,Canada
Enterprise,United States of America
Enterprise,France
Small Business,Germany
Small Business,Mexico
Government,Mexico
Enterprise,France
Channel Partners,United States of America
Midmarket,France
Enterprise,Canada
Channel Partners,Canada
Small Business,Germany
Government,France
Government,Canada
Channel Partners,United States of America
Government,United States of America
Channel Partners,Mexico
Enterprise,Mexico
Midmarket,Canada
Small Business,France
Small Business,Germany
Channel Partners,United States of America
Enterprise,Mexico
Channel Partners,Canada
Enterprise,Germany
Enterprise,Mexico
Channel Partners,France
Small Business,Canada
Government,Canada
Enterprise,Canada
Midmarket,United States of America
Government,United States of America
Channel Partners,France
Channel Partners,Mexico
Government,United States of America
Government,Germany
Government,Germany
Enterprise,Germany
Enterprise,Mexico
Channel Partners,France
Government,Mexico
Channel Partners,Mexico
Enterprise,Mexico
Small Business,Germany
Government,Germany
Enterprise,Canada
Government,United States of America
Government,Mexico
Small Business,Germany
Small Business,Mexico
Enterprise,Germany
Government,Germany
Government,United States of America
Government,France
Small Business,Canada
Enterprise,France
Government,Germany
Small Business,Germany
Channel Partners,United States of America
Channel Partners,Canada
Government,Germany
Channel Partners,France
Government,France
Government,Germany
Enterprise,France
Enterprise,Germany
Small Business,France
Enterprise,Canada
Channel Partners,France
Small Business,Germany
Enterprise,Germany
Channel Partners,United States of America
Enterprise,Canada
Midmarket,Germany
Enterprise,France
Enterprise,Germany
Enterprise,Canada
Small Business,United States of America
Channel Partners,Mexico
Enterprise,Germany
Small Business,Canada
Government,Mexico
Midmarket,Germany
Government,Canada
Government,Mexico
Government,Canada
Channel Partners,Germany
Midmarket,Mexico
Midmarket,Mexico
Midmarket,France
Government,United States of America
Government,Canada
Small Business,Germany
Government,United States of America
Midmarket,Canada
Small Business,Germany
Government,Canada
Small Business,Germany
Enterprise,Mexico
Government,Canada
Enterprise,Germany
Small Business,Germany
Small Business,United States of America
Government,United States of America
Enterprise,France
Midmarket,Canada
Government,Canada
Government,United States of America
Midmarket,United States of America
Midmarket,Mexico
Government,United States of America
Enterprise,Mexico
Channel Partners,United States of America
Government,Canada
Government,France
Channel Partners,France
Government,United States of America
Government,France
Midmarket,Mexico
Government,Mexico
Enterprise,Mexico
Government,Germany
Midmarket,United States of America
Government,Canada
Government,Germany
Government,Germany
Government,Canada
Government,Mexico
Channel Partners,Canada
Channel Partners,Canada
Government,Mexico
Government,Mexico
Channel Partners,Mexico
Government,Germany
Channel Partners,France
Channel Partners,Germany
Government,France
Small Business,United States of America
Government,Germany
Midmarket,Mexico
Government,United States of America
Government,France
Government,France
Enterprise,United States of America
Government,Mexico
Channel Partners,Germany
Small Business,Mexico
Government,France
Enterprise,United States of America
Enterprise,France
Small Business,Mexico
Government,United States of America
Small Business,United States of America
Government,United States of America
Midmarket,France
Government,Canada
Government,Canada
Enterprise,United States of America
Enterprise,France
Government,Canada
Government,United States of America
Government,France
Midmarket,Germany
Midmarket,United States of America
Midmarket,Mexico
Enterprise,Germany
Government,United States of America
Government,United States of America
Government,France
Enterprise,United States of America
Enterprise,France
Government,France
Small Business,Germany
Government,Canada
Government,United States of America
Government,Germany
Government,United States of America
Government,United States of America
Government,France
Government,Germany
Government,Canada
Government,Canada
Small Business,Germany
Midmarket,France
Government,United States of America
Midmarket,Canada
Channel Partners,Mexico
Channel Partners,Canada
Midmarket,United States of America
Government,United States of America
Enterprise,Germany
Government,Mexico
Government,Germany
Government,France
Channel Partners,United States of America
Government,France
Channel Partners,Canada
Government,United States of America
Enterprise,Canada
Enterprise,United States of America
Midmarket,Germany
Government,France
Government,Mexico
Small Business,France
Government,France
Midmarket,Canada
Government,Mexico
Small Business,France
Government,Mexico
Small Business,Canada
Enterprise,France
Government,Mexico
Government,United States of America
Government,France
Government,France
Government,France
Midmarket,United States of America
Midmarket,Germany
Midmarket,United States of America
Government,France
Government,Germany
Government,Mexico
Midmarket,United States of America
Channel Partners,Mexico
Channel Partners,Canada
Government,Mexico
Channel Partners,Mexico
Channel Partners,France
Government,France
Midmarket,Canada
Government,Canada
Government,United States of America
Government,Canada
Channel Partners,France
Channel Partners,Germany
Government,Canada
Government,Canada
Government,United States of America
Small Business,France
Small Business,France
Government,France
Small Business,France
Enterprise,Germany
Small Business,Canada
Small Business,France
Enterprise,Germany
Midmarket,France
Midmarket,United States of America
Government,France
Small Business,Germany
Small Business,Canada
Channel Partners,Mexico
Government,Germany
Small Business,France
Government,Mexico
Enterprise,Germany
Government,France
Government,United States of America
Small Business,United States of America
Government,Germany
Channel Partners,Canada
Small Business,France
Small Business,Mexico
Enterprise,Canada
Government,France
Enterprise,Germany
Government,Canada
Small Business,United States of America
Government,Canada
Government,United States of America
Government,Canada
Government,United States of America
Enterprise,Mexico
Midmarket,France
Government,Mexico
Midmarket,France
Government,Canada
Government,Germany
Small Business,France
Small Business,Canada
Midmarket,Germany
Enterprise,Mexico
Government,Germany
Government,Germany
Government,Germany
Small Business,Mexico
Government,United States of America
Government,Germany
Government,Germany
Government,Germany
Government,Mexico
Government,Germany
Government,Mexico
Government,Mexico
Channel Partners,Canada
Government,United States of America
Government,Germany
Small Business,France
Small Business,Mexico
Government,France
Government,Germany
Government,France
Government,Germany
Small Business,Canada
Small Business,United States of America
Government,Canada
Government,United States of America
Government,Germany
Small Business,Mexico
Government,Germany
Midmarket,Germany
Channel Partners,Mexico
Small Business,Mexico
Government,United States of America
Small Business,Canada
Channel Partners,Mexico
Small Business,Canada
Government,France
Small Business,France
Channel Partners,Canada
Enterprise,France
Government,Canada
Enterprise,United States of America
Small Business,Germany
Small Business,Mexico
Government,Mexico
Midmarket,United States of America
Small Business,Canada
Midmarket,France
Channel Partners,Mexico
Small Business,France
Channel Partners,Germany
Enterprise,United States of America
Midmarket,Mexico
Small Business,Canada
Government,Germany
Enterprise,Canada
Enterprise,Mexico
Government,Canada
Channel Partners,United States of America
Small Business,Germany
Government,United States of America
Channel Partners,Germany
Small Business,United States of America
Channel Partners,France
Midmarket,France
Enterprise,Mexico
Government,United States of America
Government,Canada
Midmarket,Germany
Government,Mexico
Government,Germany
Government,Canada
Channel Partners,Germany
Government,Mexico
Government,United States of America
Government,Mexico
Government,Germany
Channel Partners,France
Midmarket,Mexico
Government,Germany
Government,France
Government,Mexico
Government,Mexico
Midmarket,Canada
Channel Partners,France
Channel Partners,United States of America
Government,United States of America
Channel Partners,United States of America
Enterprise,United States of America
Enterprise,France
Government,United States of America
Enterprise,United States of America
Midmarket,France
Government,France
Small Business,Mexico
Midmarket,France
Government,Germany
Midmarket,Germany
Midmarket,Germany
Midmarket,United States of America
Government,France
Enterprise,United States of America
Small Business,United States of America
Government,Germany
Government,Germany
Enterprise,Canada
Small Business,France
Enterprise,Mexico
Midmarket,Mexico
Government,United States of America
Small Business,Mexico
Small Business,United States of America
Midmarket,France
Enterprise,Canada
Government,Germany
Enterprise,United States of America
Government,Canada
Small Business,United States of America
Channel Partners,Canada
Government,Mexico
Channel Partners,Germany
Government,Canada
Midmarket,France
Small Business,France
Channel Partners,France
Government,France
Channel Partners,France
Midmarket,Canada
Channel Partners,Germany
Government,United States of America
Channel Partners,Mexico
Midmarket,United States of America
Channel Partners,Germany
Channel Partners,Canada
Government,Germany
Small Business,Germany
Enterprise,France
Midmarket,Canada
Government,Mexico
Government,Germany
Government,Germany
Midmarket,Mexico
Small Business,Canada
Government,Mexico
Government,Canada
Channel Partners,Canada
Channel Partners,France
Government,Canada
Midmarket,Mexico
Enterprise,France
Government,Germany
Small Business,Canada
Government,France
Midmarket,Mexico
Government,Mexico
Government,Canada
Channel Partners,France
Enterprise,Mexico
Government,Canada
Enterprise,Germany
Government,Mexico
Enterprise,France
Enterprise,Mexico
Government,Mexico
Midmarket,Mexico
Government,United States of America
Government,Mexico
Enterprise,Canada
Enterprise,Mexico
Midmarket,Canada
Midmarket,United States of America
Small Business,France
Government,Mexico
Government,Canada
Government,Mexico
Small Business,France
Small Business,United States of America
Government,Mexico
Enterprise,Mexico
Government,Mexico
Government,Mexico
Government,France
Small Business,Germany
Small Business,Mexico
Government,Mexico
Midmarket,Mexico
Government,Mexico
Government,Mexico
Government,United States of America
Government,Mexico
Channel Partners,Canada
Midmarket,France
Government,Canada
Government,United States of America
Enterprise,United States of America
Government,Mexico
Government,United States of America
Government,France
Government,Canada
Midmarket,United States of America
Government,France
Channel Partners,Mexico
Government,Germany
Government,France
Government,Germany
Channel Partners,Canada
Midmarket,United States of America
Midmarket,United States of America
Government,Canada
Government,France
Government,Germany
Government,United States of America
Government,United States of America
Channel Partners,Mexico
Government,Mexico
Government,Canada
Government,United States of America
Small Business,Germany
Government,United States of America
Government,Germany
Government,Canada
Enterprise,Canada
Channel Partners,Mexico
Government,France
Midmarket,Canada
Government,Canada
Government,Germany
Channel Partners,Germany
Midmarket,France
Government,Canada
Government,France
Channel Partners,Mexico
Midmarket,Germany
Channel Partners,Mexico
Small Business,Mexico
Channel Partners,Germany
Enterprise,Canada
Midmarket,Canada
Enterprise,Canada
Government,France
Channel Partners,Mexico
Channel Partners,Germany
Government,Mexico
Government,United States of America
Government,United States of America
Government,Germany
Government,France
Government,United States of America
Midmarket,Germany
Government,Canada
Midmarket,United States of America
Channel Partners,France
Government,Germany
Channel Partners,France
Channel Partners,United States of America
Small Business,Mexico
Enterprise,France
Small Business,Canada
Small Business,United States of America
Midmarket,Germany
Midmarket,Canada
Enterprise,Mexico
Government,Canada
Government,Germany
Government,Canada
Government,Canada
Government,Mexico
Midmarket,Canada
Government,Mexico
Midmarket,Canada
Midmarket,Canada
Channel Partners,United States of America
Government,France
Government,Canada
Channel Partners,Canada
Government,United States of America
Government,France
Enterprise,Mexico
Government,United States of America
Small Business,United States of America
Small Business,Canada
Small Business,Germany
Government,Mexico
Small Business,United States of America
Small Business,Canada
Small Business,Canada
Small Business,United States of America
Government,France
Small Business,Canada
Enterprise,United States of America
Channel Partners,France
Midmarket,Canada
Channel Partners,United States of America
Government,France
Government,Mexico
Midmarket,Mexico
Enterprise,France
Enterprise,Germany
Enterprise,Germany
Small Business,Mexico
Government,Germany
Midmarket,Canada
Government,Mexico
Government,Mexico
Midmarket,Canada
Government,United States of America
Enterprise,Germany
Midmarket,Germany
Government,United States of America
Government,Mexico
Channel Partners,United States of America
Government,France
Channel Partners,Mexico
Midmarket,France
Enterprise,France
Small Business,United States of America
Enterprise,United States of America
Channel Partners,United States of America
Government,Canada
Midmarket,Germany
Government,United States of America
Midmarket,Germany
Enterprise,Canada
Enterprise,Germany
Government,France
Small Business,France
Small Business,Mexico
Government,Mexico
Government,Canada
Channel Partners,United States of America
