product_name,category
Carretera,
Carretera,
Carretera,
Carretera,
Carretera,
Carretera,
Montana,
Montana,
Montana,
Montana,
Montana,
Montana,
Montana,
Montana,
Montana,
Montana,
Paseo,
Paseo,
Paseo,
Paseo,
Paseo,
Paseo,
Paseo,
Paseo,
Paseo,
Paseo,
Paseo,
Paseo,
Paseo,
Paseo,
Paseo,
Velo,
Velo,
Velo,
Velo,
Velo,
Velo,
Velo,
VTT,
VTT,
VTT,
VTT,
VTT,
VTT,
VTT,
Amarilla,
Amarilla,
Amarilla,
Amarilla,
Amarilla,
Amarilla,
Amarilla,
Amarilla,
Paseo,Low
Paseo,Low
Paseo,Low
Velo,Low
VTT,Low
Carretera,Low
Carretera,Low
Carretera,Low
Carretera,Low
Carretera,Low
Carretera,Low
Carretera,Low
Carretera,Low
Carretera,Low
Carretera,Low
Montana,Low
Montana,Low
Montana,Low
Montana,Low
Montana,Low
Montana,Low
Paseo,Low
Paseo,Low
Paseo,Low
Paseo,Low
Paseo,Low
Paseo,Low
Paseo,Low
Paseo,Low
Paseo,Low
Velo,Low
Velo,Low
Velo,Low
Velo,Low
Velo,Low
VTT,Low
VTT,Low
VTT,Low
VTT,Low
VTT,Low
VTT,Low
VTT,Low
VTT,Low
Amarilla,Low
Amarilla,Low
Carretera,Low
Carretera,Low
Carretera,Low
Carretera,Low
Carretera,Low
Montana,Low
Montana,Low
Montana,Low
Montana,Low
Paseo,Low
Paseo,Low
Paseo,Low
Paseo,Low
Paseo,Low
Paseo,Low
Paseo,Low
Paseo,Low
Paseo,Low
Paseo,Low
Paseo,Low
Paseo,Low
Paseo,Low
Paseo,Low
Paseo,Low
Paseo,Low
Velo,Low
Velo,Low
Velo,Low
Velo,Low
Velo,Low
Velo,Low
Velo,Low
Velo,Low
VTT,Low
VTT,Low
VTT,Low
VTT,Low
VTT,Low
VTT,Low
Amarilla,Low
Amarilla,Low
Amarilla,Low
Amarilla,Low
Amarilla,Low
Amarilla,Low
Amarilla,Low
Carretera,Low
Carretera,Low
Carretera,Low
Carretera,Low
Carretera,Low
Montana,Low
Montana,Low
Montana,Low
Montana,Low
Montana,Low
Montana,Low
Paseo,Low
Paseo,Low
Paseo,Low
Paseo,Low
Paseo,Low
Paseo,Low
Paseo,Low
Paseo,Low
Paseo,Low
Paseo,Low
Velo,Low
VTT,Low
VTT,Low
VTT,Low
VTT,Low
VTT,Low
VTT,Low
Carretera,Low
Paseo,Low
Velo,Low
VTT,Low
Montana,Low
Paseo,Low
Paseo,Low
Velo,Low
Carretera,Low
Carretera,Low
Carretera,Low
Montana,Low
Montana,Low
Montana,Low
Montana,Low
Montana,Low
Paseo,Low
Paseo,Low
Paseo,Low
Paseo,Low
Paseo,Low
Paseo,Low
Paseo,Low
Paseo,Low
Paseo,Low
Paseo,Low
Paseo,Low
Paseo,Low
Paseo,Low
Velo,Low
Velo,Low
Velo,Low
VTT,Low
VTT,Low
VTT,Low
VTT,Low
Amarilla,Low
Amarilla,Low
Amarilla,Low
Amarilla,Low
Amarilla,Low
Montana,Medium
Paseo,Medium
Paseo,Medium
Paseo,Medium
Paseo,Medium
Velo,Medium
VTT,Medium
Amarilla,Medium
Amarilla,Medium
Amarilla,Medium
Carretera,Medium
Carretera,Medium
Carretera,Medium
Carretera,Medium
Carretera,Medium
Carretera,Medium
Carretera,Medium
Carretera,Medium
Montana,Medium
Montana,Medium
Montana,Medium
Montana,Medium
Montana,Medium
Paseo,Medium
Paseo,Medium
Paseo,Medium
Paseo,Medium
Paseo,Medium
Paseo,Medium
Paseo,Medium
Paseo,Medium
Paseo,Medium
Paseo,Medium
Paseo,Medium
Paseo,Medium
Paseo,Medium
Paseo,Medium
Paseo,Medium
Paseo,Medium
Velo,Medium
Velo,Medium
Velo,Medium
Velo,Medium
Velo,Medium
Velo,Medium
Velo,Medium
Velo,Medium
Velo,Medium
Velo,Medium
VTT,Medium
VTT,Medium
VTT,Medium
VTT,Medium
VTT,Medium
VTT,Medium
Amarilla,Medium
Amarilla,Medium
Amarilla,Medium
Amarilla,Medium
Paseo,Medium
Carretera,Medium
Carretera,Medium
Carretera,Medium
Carretera,Medium
Carretera,Medium
Carretera,Medium
Carretera,Medium
Montana,Medium
Montana,Medium
Montana,Medium
Montana,Medium
Paseo,Medium
Paseo,Medium
Paseo,Medium
Velo,Medium
Velo,Medium
Velo,Medium
Velo,Medium
Velo,Medium
Velo,Medium
Velo,Medium
VTT,Medium
VTT,Medium
VTT,Medium
VTT,Medium
VTT,Medium
Amarilla,Medium
Amarilla,Medium
Amarilla,Medium
Amarilla,Medium
Amarilla,Medium
Montana,Medium
Paseo,Medium
Paseo,Medium
Paseo,Medium
Paseo,Medium
Velo,Medium
Velo,Medium
VTT,Medium
Carretera,Medium
Carretera,Medium
Carretera,Medium
Montana,Medium
Montana,Medium
Paseo,Medium
Velo,Medium
Velo,Medium
Velo,Medium
Velo,Medium
VTT,Medium
VTT,Medium
VTT,Medium
Amarilla,Medium
Carretera,Medium
Carretera,Medium
Carretera,Medium
Montana,Medium
Montana,Medium
Montana,Medium
Paseo,Medium
Paseo,Medium
Paseo,Medium
Paseo,Medium
Paseo,Medium
Paseo,Medium
Paseo,Medium
Paseo,Medium
Paseo,Medium
Paseo,Medium
Velo,Medium
Velo,Medium
Velo,Medium
Velo,Medium
Velo,Medium
Velo,Medium
Velo,Medium
VTT,Medium
VTT,Medium
VTT,Medium
Amarilla,Medium
Amarilla,Medium
Amarilla,Medium
Amarilla,Medium
Amarilla,Medium
Montana,Medium
Montana,Medium
Paseo,Medium
Amarilla,Medium
Carretera,Medium
Carretera,Medium
Carretera,Medium
Montana,Medium
Montana,Medium
Montana,Medium
Montana,Medium
Montana,Medium
Montana,Medium
Paseo,Medium
Paseo,Medium
Paseo,Medium
Paseo,Medium
Paseo,Medium
Paseo,Medium
Paseo,Medium
Paseo,Medium
Paseo,Medium
Paseo,Medium
Paseo,Medium
Paseo,Medium
Paseo,Medium
Velo,Medium
Velo,Medium
Velo,Medium
Velo,Medium
Velo,Medium
VTT,Medium
VTT,Medium
VTT,Medium
VTT,Medium
VTT,Medium
VTT,Medium
Amarilla,Medium
Amarilla,Medium
Amarilla,Medium
Amarilla,Medium
Amarilla,Medium
Amarilla,Medium
Amarilla,Medium
Amarilla,Medium
VTT,Medium
Carretera,Medium
Carretera,Medium
Montana,Medium
Montana,Medium
Montana,Medium
Montana,Medium
Montana,Medium
Montana,Medium
Montana,Medium
Montana,Medium
Paseo,Medium
Paseo,Medium
Paseo,Medium
Paseo,Medium
Paseo,Medium
Paseo,Medium
Paseo,Medium
Paseo,Medium
Paseo,Medium
Velo,Medium
Velo,Medium
Velo,Medium
Velo,Medium
Velo,Medium
Velo,Medium
VTT,Medium
VTT,Medium
VTT,Medium
VTT,Medium
VTT,Medium
VTT,Medium
VTT,Medium
VTT,Medium
Amarilla,Medium
Amarilla,Medium
Amarilla,Medium
Amarilla,Medium
Carretera,Medium
Carretera,Medium
Carretera,Medium
Carretera,Medium
Paseo,Medium
Paseo,Medium
Paseo,Medium
Velo,Medium
Velo,Medium
VTT,Medium
VTT,Medium
VTT,Medium
Amarilla,Medium
Amarilla,Medium
Amarilla,Medium
Carretera,High
Montana,High
Paseo,High
Carretera,High
Carretera,High
Montana,High
Montana,High
Montana,High
Paseo,High
Paseo,High
Paseo,High
Paseo,High
Velo,High
Velo,High
Velo,High
Velo,High
Velo,High
Velo,High
Velo,High
Velo,High
Velo,High
Velo,High
VTT,High
VTT,High
VTT,High
VTT,High
VTT,High
VTT,High
VTT,High
VTT,High
Amarilla,High
Amarilla,High
Amarilla,High
Amarilla,High
Amarilla,High
Amarilla,High
Amarilla,High
Amarilla,High
Amarilla,High
Carretera,High
Paseo,High
Paseo,High
Velo,High
Velo,High
VTT,High
VTT,High
Amarilla,High
Amarilla,High
Carretera,High
Carretera,High
Carretera,High
Carretera,High
Carretera,High
Carretera,High
Montana,High
Montana,High
Montana,High
Paseo,High
Paseo,High
Paseo,High
Paseo,High
Paseo,High
Paseo,High
Paseo,High
Paseo,High
Paseo,High
Paseo,High
Velo,High
Velo,High
Velo,High
Velo,High
VTT,High
VTT,High
VTT,High
Amarilla,High
Amarilla,High
Amarilla,High
Amarilla,High
Amarilla,High
Amarilla,High
Paseo,High
Carretera,High
Carretera,High
Carretera,High
Carretera,High
Montana,High
Montana,High
Montana,High
Montana,High
Montana,High
Montana,High
Paseo,High
Paseo,High
Paseo,High
Paseo,High
Paseo,High
Paseo,High
Paseo,High
Paseo,High
Paseo,High
Paseo,High
Paseo,High
Velo,High
Velo,High
Velo,High
VTT,High
VTT,High
VTT,High
VTT,High
VTT,High
VTT,High
Amarilla,High
Amarilla,High
Amarilla,High
Amarilla,High
Carretera,High
Montana,High
Paseo,High
VTT,High
VTT,High
Amarilla,High
Carretera,High
VTT,High
Carretera,High
Carretera,High
Carretera,High
Montana,High
Montana,High
Montana,High
Montana,High
Montana,High
Paseo,High
Paseo,High
Paseo,High
Paseo,High
Paseo,High
Paseo,High
Paseo,High
Paseo,High
Paseo,High
Paseo,High
Paseo,High
Paseo,High
Velo,High
Velo,High
Velo,High
Velo,High
Velo,High
Velo,High
Velo,High
Velo,High
VTT,High
VTT,High
Amarilla,High
Amarilla,High
Amarilla,High
Amarilla,High
Carretera,High
Carretera,High
Carretera,High
Carretera,High
Montana,High
Montana,High
Paseo,High
Paseo,High
Paseo,High
Paseo,High
VTT,High
Amarilla,High
Amarilla,High
Carretera,High
Carretera,High
Carretera,High
Carretera,High
Carretera,High
Carretera,High
Carretera,High
Montana,High
Montana,High
Montana,High
Montana,High
Montana,High
Montana,High
Paseo,High
Paseo,High
Paseo,High
Paseo,High
Paseo,High
Paseo,High
Paseo,High
Paseo,High
Paseo,High
Velo,High
Velo,High
Velo,High
Velo,High
Velo,High
VTT,High
VTT,High
VTT,High
VTT,High
VTT,High
VTT,High
Amarilla,High
Amarilla,High
Amarilla,High
Amarilla,High
Amarilla,High
Amarilla,High
Amarilla,High
Amarilla,High
Carretera,High
Carretera,High
Carretera,High
Montana,High
Paseo,High
Paseo,High
Paseo,High
Paseo,High
Paseo,High
Paseo,High
Paseo,High
Paseo,High
Paseo,High
Paseo,High
Paseo,High
Paseo,High
Velo,High
Velo,High
Velo,High
Velo,High
Velo,High
Velo,High
VTT,High
VTT,High
VTT,High
VTT,High
VTT,High
VTT,High
VTT,High
Amarilla,High
Amarilla,High
Montana,High
Paseo,High
VTT,High
